<project xmlns="http://maven.apache.org/POM/4.0.0"
	xmlns:xsi="http://www.w3.org/2001/XMLSchema-instance"
	xsi:schemaLocation="http://maven.apache.org/POM/4.0.0 http://maven.apache.org/xsd/maven-4.0.0.xsd">

	<modelVersion>4.0.0</modelVersion>
	<groupId>kafka</groupId>
	<artifactId>kafka-labs</artifactId>
	<version>3.0</version>
	<!-- <packaging>pom</packaging> -->
	<packaging>jar</packaging>
	<name>kafka labs</name>

	<properties>
		<!-- <project.build.sourceEncoding>UTF-8</project.build.sourceEncoding> -->
		<java.version>11</java.version>
		<kafka.version>3.0.0</kafka.version>
		<confluent.version>5.1.0</confluent.version>
		<avro.version>1.8.2</avro.version>
	</properties>

	<repositories>
		<repository>
			<id>confluent</id>
			<url>http://packages.confluent.io/maven/</url>
		</repository>
	</repositories>
	<pluginRepositories>
		<pluginRepository>
			<id>confluent</id>
			<url>https://packages.confluent.io/maven/</url>
		</pluginRepository>
	</pluginRepositories>

	<dependencies>
		<dependency>
			<!-- https://mvnrepository.com/artifact/org.apache.kafka/kafka-clients -->
			<groupId>org.apache.kafka</groupId>
			<artifactId>kafka-clients</artifactId>
			<version>${kafka.version}</version>
			<!--<scope>provided</scope> -->
		</dependency>
		<dependency>
			<groupId>org.apache.kafka</groupId>
			<artifactId>kafka-clients</artifactId>
			<version>${kafka.version}</version>
			<classifier>test</classifier>
			<scope>test</scope>
		</dependency>
		<dependency>
			<groupId>io.confluent</groupId>
			<artifactId>kafka-connect-replicator</artifactId>
			<version>${confluent.version}</version>

			<exclusions>
				<exclusion>
					<groupId>org.slf4j</groupId>
					<artifactId>slf4j-log4j12</artifactId>
				</exclusion>
			</exclusions>
		</dependency>
		<dependency>
			<groupId>io.confluent</groupId>
			<artifactId>kafka-avro-serializer</artifactId>
			<version>${confluent.version}</version>
		</dependency>
		<!-- <dependency> <groupId>io.confluent</groupId> <artifactId>kafka-avro-serializer</artifactId> 
			<version>1.0</version> </dependency> -->
		<dependency>
			<groupId>org.apache.kafka</groupId>
			<artifactId>kafka-streams</artifactId>
			<version>${kafka.version}</version>
		</dependency>

		<!-- testing -->
		<dependency>
			<!-- http://mvnrepository.com/artifact/junit/junit -->
			<groupId>junit</groupId>
			<artifactId>junit</artifactId>
			<version>4.12</version>
			<scope>test</scope>
		</dependency>

		<!-- utilities -->
		<dependency>
			<!-- http://mvnrepository.com/artifact/com.google.code.gson/gson -->
			<groupId>com.google.code.gson</groupId>
			<artifactId>gson</artifactId>
			<version>2.6.2</version>
		</dependency>
		<dependency>
			<groupId>org.apache.avro</groupId>
			<artifactId>avro</artifactId>
			<version>1.8.2</version>
		</dependency>

		<!-- metrics -->
		<dependency>
			<!-- http://mvnrepository.com/artifact/io.dropwizard.metrics/metrics-core -->
			<groupId>io.dropwizard.metrics</groupId>
			<artifactId>metrics-core</artifactId>
			<version>3.2.2</version>
		</dependency>
		<dependency>
			<groupId>io.dropwizard.metrics</groupId>
			<artifactId>metrics-servlets</artifactId>
			<version>3.2.2</version>
		</dependency>
		<dependency>
			<groupId>io.dropwizard.metrics</groupId>
			<artifactId>metrics-graphite</artifactId>
			<version>3.2.2</version>
		</dependency>


		<!-- logging SLF4J and Log4J2 -->
		<dependency>
			<groupId>org.slf4j</groupId>
			<artifactId>slf4j-api</artifactId>
			<version>1.7.21</version>
		</dependency>
		<dependency>
			<groupId>org.apache.logging.log4j</groupId>
			<artifactId>log4j-slf4j-impl</artifactId>
			<version>2.8.2</version>
		</dependency>
		<dependency>
			<groupId>org.apache.logging.log4j</groupId>
			<artifactId>log4j-api</artifactId>
			<version>2.8.2</version>
		</dependency>
		<dependency>
			<groupId>org.apache.logging.log4j</groupId>
			<artifactId>log4j-core</artifactId>
			<version>2.8.2</version>
		</dependency>
	</dependencies>

	<build>
		<plugins>
			<plugin>
				<groupId>org.apache.maven.plugins</groupId>
				<artifactId>maven-assembly-plugin</artifactId>
				<version>2.4.1</version>
				<configuration>
					<!-- get all project dependencies -->
					<descriptorRefs>
						<descriptorRef>jar-with-dependencies</descriptorRef>
					</descriptorRefs>
					<!-- MainClass in mainfest make a executable jar -->
					<archive>
						<manifest>
							<mainClass>KafkaProducerExample</mainClass>
						</manifest>
					</archive>

				</configuration>
				<executions>
					<execution>
						<id>make-assembly</id>
						<!-- bind to the packaging phase -->
						<phase>package</phase>
						<goals>
							<goal>single</goal>
						</goals>
					</execution>
				</executions>
			</plugin>

			<plugin>
				<groupId>org.apache.maven.plugins</groupId>
				<artifactId>maven-compiler-plugin</artifactId>
				<version>3.6.1</version>
				<configuration>
					<source>${java.version}</source>
					<target>${java.version}</target>
					<excludes>
						<exclude>**/.ipynb_checkpoints/*</exclude>
					</excludes>
				</configuration>
			</plugin>
			<plugin>
				<groupId>org.apache.maven.plugins</groupId>
				<artifactId>maven-dependency-plugin</artifactId>
				<version>3.0.0</version>
				<executions>
					<execution>
						<id>copy-dependencies</id>
						<phase>package</phase>
						<goals>
							<goal>copy-dependencies</goal>
						</goals>
						<configuration>
							<!-- <includeGroupIds>log4j</includeGroupIds> -->
							<outputDirectory>${project.build.directory}/dependency-jars/</outputDirectory>
						</configuration>
					</execution>
				</executions>
			</plugin>

			<!-- <plugin> <groupId>org.apache.avro</groupId> <artifactId>avro-maven-plugin</artifactId> 
				<version>${avro.version}</version> <executions> <execution> <phase>generate-sources</phase> 
				<goals> <goal>schema</goal> </goals> <configuration> <sourceDirectory>${project.basedir}/src/main/resources/x/lab8_avro</sourceDirectory> 
				<includes> <include>Clickinfo.avsc</include> </includes> <outputDirectory>${project.build.directory}/generated-sources</outputDirectory> 
				</configuration> </execution> </executions> </plugin> -->
			<plugin>
				<groupId>org.apache.maven.plugins</groupId>
				<artifactId>maven-eclipse-plugin</artifactId>
				<version>2.9</version>
				<configuration>
					<downloadJavadocs>true</downloadJavadocs>
				</configuration>
			</plugin>
			<plugin>
				<groupId>io.confluent</groupId>
				<artifactId>kafka-schema-registry-maven-plugin</artifactId>
				<version>5.1.0</version>
				<configuration>
					<schemaRegistryUrls>
						<param>http://localhost:8081</param>
					</schemaRegistryUrls>
					<subjects>
						<avroclicks-value>src/main/resources/x/lab8_avro/Clickinfo.avsc</avroclicks-value>
					</subjects>
				</configuration>
				<goals>
					<goal>test-compatibility</goal>
				</goals>
			</plugin>

		</plugins>
	</build>
</project>
